[{"name":"请选择省","value":"0","cityList":[{"name":"请选择市","value":"00","areaList":["请选择区"]}]},{"name":"北京市","value":"110000","cityList":[{"name":"北京市市辖区","value":"110100","areaList":["东城区","西城区","朝阳区","丰台区","石景山区","海淀区","门头沟区","房山区","通州区","顺义区","昌平区","大兴区","怀柔区","平谷区","密云区","延庆区"]}]},{"name":"天津市","value":"120000","cityList":[{"name":"天津市市辖区","value":"120100","areaList":["和平区","河东区","河西区","南开区","河北区","红桥区","东丽区","西青区","津南区","北辰区","武清区","宝坻区","滨海新区","宁河区","静海区","蓟县"]},{"name":"天津市郊县","value":"120200","areaList":["--"]}]},{"name":"河北省","value":"130000","cityList":[{"name":"石家庄市","value":"130100","areaList":["长安区","桥西区","新华区","井陉矿区","裕华区","藁城区","鹿泉区","栾城区","井陉县","正定县","行唐县","灵寿县","高邑县","深泽县","赞皇县","无极县","平山县","元氏县","赵县","辛集市","晋州市","新乐市"]},{"name":"唐山市","value":"130200","areaList":["路南区","路北区","古冶区","开平区","丰南区","丰润区","曹妃甸区","滦县","滦南县","乐亭县","迁西县","玉田县","遵化市","迁安市"]},{"name":"秦皇岛市","value":"130300","areaList":["海港区","山海关区","北戴河区","抚宁区","青龙满族自治县","昌黎县","卢龙县"]},{"name":"邯郸市","value":"130400","areaList":["邯山区","丛台区","复兴区","峰峰矿区","邯郸县","临漳县","成安县","大名县","涉县","磁县","肥乡县","永年县","邱县","鸡泽县","广平县","馆陶县","魏县","曲周县","武安市"]},{"name":"邢台市","value":"130500","areaList":["桥东区","桥西区","邢台县","临城县","内丘县","柏乡县","隆尧县","任县","南和县","宁晋县","巨鹿县","新河县","广宗县","平乡县","威县","清河县","临西县","南宫市","沙河市"]},{"name":"保定市","value":"130600","areaList":["竞秀区","莲池区","满城区","清苑区","徐水区","涞水县","阜平县","定兴县","唐县","高阳县","容城县","涞源县","望都县","安新县","易县","曲阳县","蠡县","顺平县","博野县","雄县","涿州市","定州市","安国市","高碑店市"]},{"name":"张家口市","value":"130700","areaList":["桥东区","桥西区","宣化区","下花园区","宣化县","张北县","康保县","沽源县","尚义县","蔚县","阳原县","怀安县","万全县","怀来县","涿鹿县","赤城县","崇礼县"]},{"name":"承德市","value":"130800","areaList":["双桥区","双滦区","鹰手营子矿区","承德县","兴隆县","平泉县","滦平县","隆化县","丰宁满族自治县","宽城满族自治县","围场满族蒙古族自治县"]},{"name":"沧州市","value":"130900","areaList":["新华区","运河区","沧县","青县","东光县","海兴县","盐山县","肃宁县","南皮县","吴桥县","献县","孟村回族自治县","泊头市","任丘市","黄骅市","河间市"]},{"name":"廊坊市","value":"131000","areaList":["安次区","广阳区","固安县","永清县","香河县","大城县","文安县","大厂回族自治县","霸州市","三河市"]},{"name":"衡水市","value":"131100","areaList":["桃城区","枣强县","武邑县","武强县","饶阳县","安平县","故城县","景县","阜城县","冀州市","深州市"]}]},{"name":"山西省","value":"140000","cityList":[{"name":"太原市","value":"140100","areaList":["小店区","迎泽区","杏花岭区","尖草坪区","万柏林区","晋源区","清徐县","阳曲县","娄烦县","古交市"]},{"name":"大同市","value":"140200","areaList":["城区","矿区","南郊区","新荣区","阳高县","天镇县","广灵县","灵丘县","浑源县","左云县","大同县"]},{"name":"阳泉市","value":"140300","areaList":["城区","矿区","郊区","平定县","盂县"]},{"name":"长治市","value":"140400","areaList":["城区","郊区","长治县","襄垣县","屯留县","平顺县","黎城县","壶关县","长子县","武乡县","沁县","沁源县","潞城市"]},{"name":"晋城市","value":"140500","areaList":["城区","沁水县","阳城县","陵川县","泽州县","高平市"]},{"name":"朔州市","value":"140600","areaList":["朔城区","平鲁区","山阴县","应县","右玉县","怀仁县"]},{"name":"晋中市","value":"140700","areaList":["榆次区","榆社县","左权县","和顺县","昔阳县","寿阳县","太谷县","祁县","平遥县","灵石县","介休市"]},{"name":"运城市","value":"140800","areaList":["盐湖区","临猗县","万荣县","闻喜县","稷山县","新绛县","绛县","垣曲县","夏县","平陆县","芮城县","永济市","河津市"]},{"name":"忻州市","value":"140900","areaList":["忻府区","定襄县","五台县","代县","繁峙县","宁武县","静乐县","神池县","五寨县","岢岚县","河曲县","保德县","偏关县","原平市"]},{"name":"临汾市","value":"141000","areaList":["尧都区","曲沃县","翼城县","襄汾县","洪洞县","古县","安泽县","浮山县","吉县","乡宁县","大宁县","隰县","永和县","蒲县","汾西县","侯马市","霍州市"]},{"name":"吕梁市","value":"141100","areaList":["离石区","文水县","交城县","兴县","临县","柳林县","石楼县","岚县","方山县","中阳县","交口县","孝义市","汾阳市"]}]},{"name":"内蒙古自治区","value":"150000","cityList":[{"name":"呼和浩特市","value":"150100","areaList":["新城区","回民区","玉泉区","赛罕区","土默特左旗","托克托县","和林格尔县","清水河县","武川县"]},{"name":"包头市","value":"150200","areaList":["东河区","昆都仑区","青山区","石拐区","白云鄂博矿区","九原区","土默特右旗","固阳县","达尔罕茂明安联合旗"]},{"name":"乌海市","value":"150300","areaList":["海勃湾区","海南区","乌达区"]},{"name":"赤峰市","value":"150400","areaList":["红山区","元宝山区","松山区","阿鲁科尔沁旗","巴林左旗","巴林右旗","林西县","克什克腾旗","翁牛特旗","喀喇沁旗","宁城县","敖汉旗"]},{"name":"通辽市","value":"150500","areaList":["科尔沁区","科尔沁左翼中旗","科尔沁左翼后旗","开鲁县","库伦旗","奈曼旗","扎鲁特旗","霍林郭勒市"]},{"name":"鄂尔多斯市","value":"150600","areaList":["东胜区","达拉特旗","准格尔旗","鄂托克前旗","鄂托克旗","杭锦旗","乌审旗","伊金霍洛旗"]},{"name":"呼伦贝尔市","value":"150700","areaList":["海拉尔区","扎赉诺尔区","阿荣旗","莫力达瓦达斡尔族自治旗","鄂伦春自治旗","鄂温克族自治旗","陈巴尔虎旗","新巴尔虎左旗","新巴尔虎右旗","满洲里市","牙克石市","扎兰屯市","额尔古纳市","根河市"]},{"name":"巴彦淖尔市","value":"150800","areaList":["临河区","五原县","磴口县","乌拉特前旗","乌拉特中旗","乌拉特后旗","杭锦后旗"]},{"name":"乌兰察布市","value":"150900","areaList":["集宁区","卓资县","化德县","商都县","兴和县","凉城县","察哈尔右翼前旗","察哈尔右翼中旗","察哈尔右翼后旗","四子王旗","丰镇市"]},{"name":"兴安盟","value":"152200","areaList":["乌兰浩特市","阿尔山市","科尔沁右翼前旗","科尔沁右翼中旗","扎赉特旗","突泉县"]},{"name":"锡林郭勒盟","value":"152500","areaList":["二连浩特市","锡林浩特市","阿巴嘎旗","苏尼特左旗","苏尼特右旗","东乌珠穆沁旗","西乌珠穆沁旗","太仆寺旗","镶黄旗","正镶白旗","正蓝旗","多伦县"]},{"name":"阿拉善盟","value":"152900","areaList":["阿拉善左旗","阿拉善右旗","额济纳旗"]}]},{"name":"辽宁省","value":"210000","cityList":[{"name":"沈阳市","value":"210100","areaList":["和平区","沈河区","大东区","皇姑区","铁西区","苏家屯区","浑南区","沈北新区","于洪区","辽中县","康平县","法库县","新民市"]},{"name":"大连市","value":"210200","areaList":["中山区","西岗区","沙河口区","甘井子区","旅顺口区","金州区","长海县","瓦房店市","普兰店市","庄河市"]},{"name":"鞍山市","value":"210300","areaList":["铁东区","铁西区","立山区","千山区","台安县","岫岩满族自治县","海城市"]},{"name":"抚顺市","value":"210400","areaList":["新抚区","东洲区","望花区","顺城区","抚顺县","新宾满族自治县","清原满族自治县"]},{"name":"本溪市","value":"210500","areaList":["平山区","溪湖区","明山区","南芬区","本溪满族自治县","桓仁满族自治县"]},{"name":"丹东市","value":"210600","areaList":["元宝区","振兴区","振安区","宽甸满族自治县","东港市","凤城市"]},{"name":"锦州市","value":"210700","areaList":["古塔区","凌河区","太和区","黑山县","义县","凌海市","北镇市"]},{"name":"营口市","value":"210800","areaList":["站前区","西市区","鲅鱼圈区","老边区","盖州市","大石桥市"]},{"name":"阜新市","value":"210900","areaList":["海州区","新邱区","太平区","清河门区","细河区","阜新蒙古族自治县","彰武县"]},{"name":"辽阳市","value":"211000","areaList":["白塔区","文圣区","宏伟区","弓长岭区","太子河区","辽阳县","灯塔市"]},{"name":"盘锦市","value":"211100","areaList":["双台子区","兴隆台区","大洼县","盘山县"]},{"name":"铁岭市","value":"211200","areaList":["银州区","清河区","铁岭县","西丰县","昌图县","调兵山市","开原市"]},{"name":"朝阳市","value":"211300","areaList":["双塔区","龙城区","朝阳县","建平县","喀喇沁左翼蒙古族自治县","北票市","凌源市"]},{"name":"葫芦岛市","value":"211400","areaList":["连山区","龙港区","南票区","绥中县","建昌县","兴城市"]}]},{"name":"吉林省","value":"220000","cityList":[{"name":"长春市","value":"220100","areaList":["南关区","宽城区","朝阳区","二道区","绿园区","双阳区","九台区","农安县","榆树市","德惠市"]},{"name":"吉林市","value":"220200","areaList":["昌邑区","龙潭区","船营区","丰满区","永吉县","蛟河市","桦甸市","舒兰市","磐石市"]},{"name":"四平市","value":"220300","areaList":["铁西区","铁东区","梨树县","伊通满族自治县","公主岭市","双辽市"]},{"name":"辽源市","value":"220400","areaList":["龙山区","西安区","东丰县","东辽县"]},{"name":"通化市","value":"220500","areaList":["东昌区","二道江区","通化县","辉南县","柳河县","梅河口市","集安市"]},{"name":"白山市","value":"220600","areaList":["浑江区","江源区","抚松县","靖宇县","长白朝鲜族自治县","临江市"]},{"name":"松原市","value":"220700","areaList":["宁江区","前郭尔罗斯蒙古族自治县","长岭县","乾安县","扶余市"]},{"name":"白城市","value":"220800","areaList":["洮北区","镇赉县","通榆县","洮南市","大安市"]},{"name":"延边朝鲜族自治州","value":"222400","areaList":["延吉市","图们市","敦化市","珲春市","龙井市","和龙市","汪清县","安图县"]}]},{"name":"黑龙江省","value":"230000","cityList":[{"name":"哈尔滨市","value":"230100","areaList":["道里区","南岗区","道外区","平房区","松北区","香坊区","呼兰区","阿城区","双城区","依兰县","方正县","宾县","巴彦县","木兰县","通河县","延寿县","尚志市","五常市"]},{"name":"齐齐哈尔市","value":"230200","areaList":["龙沙区","建华区","铁锋区","昂昂溪区","富拉尔基区","碾子山区","梅里斯达斡尔族区","龙江县","依安县","泰来县","甘南县","富裕县","克山县","克东县","拜泉县","讷河市"]},{"name":"鸡西市","value":"230300","areaList":["鸡冠区","恒山区","滴道区","梨树区","城子河区","麻山区","鸡东县","虎林市","密山市"]},{"name":"鹤岗市","value":"230400","areaList":["向阳区","工农区","南山区","兴安区","东山区","兴山区","萝北县","绥滨县"]},{"name":"双鸭山市","value":"230500","areaList":["尖山区","岭东区","四方台区","宝山区","集贤县","友谊县","宝清县","饶河县"]},{"name":"大庆市","value":"230600","areaList":["萨尔图区","龙凤区","让胡路区","红岗区","大同区","肇州县","肇源县","林甸县","杜尔伯特蒙古族自治县"]},{"name":"伊春市","value":"230700","areaList":["伊春区","南岔区","友好区","西林区","翠峦区","新青区","美溪区","金山屯区","五营区","乌马河区","汤旺河区","带岭区","乌伊岭区","红星区","上甘岭区","嘉荫县","铁力市"]},{"name":"佳木斯市","value":"230800","areaList":["向阳区","前进区","东风区","郊区","桦南县","桦川县","汤原县","抚远县","同江市","富锦市"]},{"name":"七台河市","value":"230900","areaList":["新兴区","桃山区","茄子河区","勃利县"]},{"name":"牡丹江市","value":"231000","areaList":["东安区","阳明区","爱民区","西安区","东宁县","林口县","绥芬河市","海林市","宁安市","穆棱市"]},{"name":"黑河市","value":"231100","areaList":["爱辉区","嫩江县","逊克县","孙吴县","北安市","五大连池市"]},{"name":"绥化市","value":"231200","areaList":["北林区","望奎县","兰西县","青冈县","庆安县","明水县","绥棱县","安达市","肇东市","海伦市"]},{"name":"大兴安岭地区","value":"232700","areaList":["加格达奇区","呼玛县","塔河县","漠河县"]}]},{"name":"上海市","value":"310000","cityList":[{"name":"上海市市辖区","value":"310100","areaList":["黄浦区","徐汇区","长宁区","静安区","普陀区","闸北区","虹口区","杨浦区","闵行区","宝山区","嘉定区","浦东新区","金山区","松江区","青浦区","奉贤区","崇明县"]},{"name":"上海市郊县","value":"310200","areaList":["--"]}]},{"name":"江苏省","value":"320000","cityList":[{"name":"南京市","value":"320100","areaList":["玄武区","秦淮区","建邺区","鼓楼区","浦口区","栖霞区","雨花台区","江宁区","六合区","溧水区","高淳区"]},{"name":"无锡市","value":"320200","areaList":["崇安区","南长区","北塘区","锡山区","惠山区","滨湖区","新区","江阴市","宜兴市"]},{"name":"徐州市","value":"320300","areaList":["鼓楼区","云龙区","贾汪区","泉山区","铜山区","丰县","沛县","睢宁县","新沂市","邳州市"]},{"name":"常州市","value":"320400","areaList":["天宁区","钟楼区","新北区","武进区","金坛区","溧阳市"]},{"name":"苏州市","value":"320500","areaList":["虎丘区","吴中区","相城区","姑苏区","吴江区","常熟市","张家港市","昆山市","太仓市"]},{"name":"南通市","value":"320600","areaList":["崇川区","港闸区","通州区","海安县","如东县","启东市","如皋市","海门市"]},{"name":"连云港市","value":"320700","areaList":["连云区","海州区","赣榆区","东海县","灌云县","灌南县"]},{"name":"淮安市","value":"320800","areaList":["清河区","淮安区","淮阴区","清浦区","涟水县","洪泽县","盱眙县","金湖县"]},{"name":"盐城市","value":"320900","areaList":["亭湖区","盐都区","大丰区","响水县","滨海县","阜宁县","射阳县","建湖县","东台市"]},{"name":"扬州市","value":"321000","areaList":["广陵区","邗江区","江都区","宝应县","仪征市","高邮市"]},{"name":"镇江市","value":"321100","areaList":["京口区","润州区","丹徒区","丹阳市","扬中市","句容市"]},{"name":"泰州市","value":"321200","areaList":["海陵区","高港区","姜堰区","兴化市","靖江市","泰兴市"]},{"name":"宿迁市","value":"321300","areaList":["宿城区","宿豫区","沭阳县","泗阳县","泗洪县"]}]},{"name":"浙江省","value":"330000","cityList":[{"name":"杭州市","value":"330100","areaList":["上城区","下城区","江干区","拱墅区","西湖区","滨江区","萧山区","余杭区","富阳区","桐庐县","淳安县","建德市","临安市"]},{"name":"宁波市","value":"330200","areaList":["海曙区","江东区","江北区","北仑区","镇海区","鄞州区","象山县","宁海县","余姚市","慈溪市","奉化市"]},{"name":"温州市","value":"330300","areaList":["鹿城区","龙湾区","瓯海区","洞头区","永嘉县","平阳县","苍南县","文成县","泰顺县","瑞安市","乐清市"]},{"name":"嘉兴市","value":"330400","areaList":["南湖区","秀洲区","嘉善县","海盐县","海宁市","平湖市","桐乡市"]},{"name":"湖州市","value":"330500","areaList":["吴兴区","南浔区","德清县","长兴县","安吉县"]},{"name":"绍兴市","value":"330600","areaList":["越城区","柯桥区","上虞区","新昌县","诸暨市","嵊州市"]},{"name":"金华市","value":"330700","areaList":["婺城区","金东区","武义县","浦江县","磐安县","兰溪市","义乌市","东阳市","永康市"]},{"name":"衢州市","value":"330800","areaList":["柯城区","衢江区","常山县","开化县","龙游县","江山市"]},{"name":"舟山市","value":"330900","areaList":["定海区","普陀区","岱山县","嵊泗县"]},{"name":"台州市","value":"331000","areaList":["椒江区","黄岩区","路桥区","玉环县","三门县","天台县","仙居县","温岭市","临海市"]},{"name":"丽水市","value":"331100","areaList":["莲都区","青田县","缙云县","遂昌县","松阳县","云和县","庆元县","景宁畲族自治县","龙泉市"]}]},{"name":"安徽省","value":"340000","cityList":[{"name":"合肥市","value":"340100","areaList":["瑶海区","庐阳区","蜀山区","包河区","长丰县","肥东县","肥西县","庐江县","巢湖市"]},{"name":"芜湖市","value":"340200","areaList":["镜湖区","弋江区","鸠江区","三山区","芜湖县","繁昌县","南陵县","无为县"]},{"name":"蚌埠市","value":"340300","areaList":["龙子湖区","蚌山区","禹会区","淮上区","怀远县","五河县","固镇县"]},{"name":"淮南市","value":"340400","areaList":["大通区","田家庵区","谢家集区","八公山区","潘集区","凤台县"]},{"name":"马鞍山市","value":"340500","areaList":["花山区","雨山区","博望区","当涂县","含山县","和县"]},{"name":"淮北市","value":"340600","areaList":["杜集区","相山区","烈山区","濉溪县"]},{"name":"铜陵市","value":"340700","areaList":["铜官山区","狮子山区","郊区","铜陵县"]},{"name":"安庆市","value":"340800","areaList":["迎江区","大观区","宜秀区","怀宁县","枞阳县","潜山县","太湖县","宿松县","望江县","岳西县","桐城市"]},{"name":"黄山市","value":"341000","areaList":["屯溪区","黄山区","徽州区","歙县","休宁县","黟县","祁门县"]},{"name":"滁州市","value":"341100","areaList":["琅琊区","南谯区","来安县","全椒县","定远县","凤阳县","天长市","明光市"]},{"name":"阜阳市","value":"341200","areaList":["颍州区","颍东区","颍泉区","临泉县","太和县","阜南县","颍上县","界首市"]},{"name":"宿州市","value":"341300","areaList":["埇桥区","砀山县","萧县","灵璧县","泗县"]},{"name":"六安市","value":"341500","areaList":["金安区","裕安区","寿县","霍邱县","舒城县","金寨县","霍山县"]},{"name":"亳州市","value":"341600","areaList":["谯城区","涡阳县","蒙城县","利辛县"]},{"name":"池州市","value":"341700","areaList":["贵池区","东至县","石台县","青阳县"]},{"name":"宣城市","value":"341800","areaList":["宣州区","郎溪县","广德县","泾县","绩溪县","旌德县","宁国市"]}]},{"name":"福建省","value":"350000","cityList":[{"name":"福州市","value":"350100","areaList":["鼓楼区","台江区","仓山区","马尾区","晋安区","闽侯县","连江县","罗源县","闽清县","永泰县","平潭县","福清市","长乐市"]},{"name":"厦门市","value":"350200","areaList":["思明区","海沧区","湖里区","集美区","同安区","翔安区"]},{"name":"莆田市","value":"350300","areaList":["城厢区","涵江区","荔城区","秀屿区","仙游县"]},{"name":"三明市","value":"350400","areaList":["梅列区","三元区","明溪县","清流县","宁化县","大田县","尤溪县","沙县","将乐县","泰宁县","建宁县","永安市"]},{"name":"泉州市","value":"350500","areaList":["鲤城区","丰泽区","洛江区","泉港区","惠安县","安溪县","永春县","德化县","金门县","石狮市","晋江市","南安市"]},{"name":"漳州市","value":"350600","areaList":["芗城区","龙文区","云霄县","漳浦县","诏安县","长泰县","东山县","南靖县","平和县","华安县","龙海市"]},{"name":"南平市","value":"350700","areaList":["延平区","建阳区","顺昌县","浦城县","光泽县","松溪县","政和县","邵武市","武夷山市","建瓯市"]},{"name":"龙岩市","value":"350800","areaList":["新罗区","永定区","长汀县","上杭县","武平县","连城县","漳平市"]},{"name":"宁德市","value":"350900","areaList":["蕉城区","霞浦县","古田县","屏南县","寿宁县","周宁县","柘荣县","福安市","福鼎市"]}]},{"name":"江西省","value":"360000","cityList":[{"name":"南昌市","value":"360100","areaList":["东湖区","西湖区","青云谱区","湾里区","青山湖区","新建区","南昌县","安义县","进贤县"]},{"name":"景德镇市","value":"360200","areaList":["昌江区","珠山区","浮梁县","乐平市"]},{"name":"萍乡市","value":"360300","areaList":["安源区","湘东区","莲花县","上栗县","芦溪县"]},{"name":"九江市","value":"360400","areaList":["庐山区","浔阳区","九江县","武宁县","修水县","永修县","德安县","星子县","都昌县","湖口县","彭泽县","瑞昌市","共青城市"]},{"name":"新余市","value":"360500","areaList":["渝水区","分宜县"]},{"name":"鹰潭市","value":"360600","areaList":["月湖区","余江县","贵溪市"]},{"name":"赣州市","value":"360700","areaList":["章贡区","南康区","赣县","信丰县","大余县","上犹县","崇义县","安远县","龙南县","定南县","全南县","宁都县","于都县","兴国县","会昌县","寻乌县","石城县","瑞金市"]},{"name":"吉安市","value":"360800","areaList":["吉州区","青原区","吉安县","吉水县","峡江县","新干县","永丰县","泰和县","遂川县","万安县","安福县","永新县","井冈山市"]},{"name":"宜春市","value":"360900","areaList":["袁州区","奉新县","万载县","上高县","宜丰县","靖安县","铜鼓县","丰城市","樟树市","高安市"]},{"name":"抚州市","value":"361000","areaList":["临川区","南城县","黎川县","南丰县","崇仁县","乐安县","宜黄县","金溪县","资溪县","东乡县","广昌县"]},{"name":"上饶市","value":"361100","areaList":["信州区","广丰区","上饶县","玉山县","铅山县","横峰县","弋阳县","余干县","鄱阳县","万年县","婺源县","德兴市"]}]},{"name":"山东省","value":"370000","cityList":[{"name":"济南市","value":"370100","areaList":["历下区","市中区","槐荫区","天桥区","历城区","长清区","平阴县","济阳县","商河县","章丘市"]},{"name":"青岛市","value":"370200","areaList":["市南区","市北区","黄岛区","崂山区","李沧区","城阳区","胶州市","即墨市","平度市","莱西市"]},{"name":"淄博市","value":"370300","areaList":["淄川区","张店区","博山区","临淄区","周村区","桓台县","高青县","沂源县"]},{"name":"枣庄市","value":"370400","areaList":["市中区","薛城区","峄城区","台儿庄区","山亭区","滕州市"]},{"name":"东营市","value":"370500","areaList":["东营区","河口区","垦利县","利津县","广饶县"]},{"name":"烟台市","value":"370600","areaList":["芝罘区","福山区","牟平区","莱山区","长岛县","龙口市","莱阳市","莱州市","蓬莱市","招远市","栖霞市","海阳市"]},{"name":"潍坊市","value":"370700","areaList":["潍城区","寒亭区","坊子区","奎文区","临朐县","昌乐县","青州市","诸城市","寿光市","安丘市","高密市","昌邑市"]},{"name":"济宁市","value":"370800","areaList":["任城区","兖州区","微山县","鱼台县","金乡县","嘉祥县","汶上县","泗水县","梁山县","曲阜市","邹城市"]},{"name":"泰安市","value":"370900","areaList":["泰山区","岱岳区","宁阳县","东平县","新泰市","肥城市"]},{"name":"威海市","value":"371000","areaList":["环翠区","文登区","荣成市","乳山市"]},{"name":"日照市","value":"371100","areaList":["东港区","岚山区","五莲县","莒县"]},{"name":"莱芜市","value":"371200","areaList":["莱城区","钢城区"]},{"name":"临沂市","value":"371300","areaList":["兰山区","罗庄区","河东区","沂南县","郯城县","沂水县","兰陵县","费县","平邑县","莒南县","蒙阴县","临沭县"]},{"name":"德州市","value":"371400","areaList":["德城区","陵城区","宁津县","庆云县","临邑县","齐河县","平原县","夏津县","武城县","乐陵市","禹城市"]},{"name":"聊城市","value":"371500","areaList":["东昌府区","阳谷县","莘县","茌平县","东阿县","冠县","高唐县","临清市"]},{"name":"滨州市","value":"371600","areaList":["滨城区","沾化区","惠民县","阳信县","无棣县","博兴县","邹平县"]},{"name":"菏泽市","value":"371700","areaList":["牡丹区","曹县","单县","成武县","巨野县","郓城县","鄄城县","定陶县","东明县"]}]},{"name":"河南省","value":"410000","cityList":[{"name":"郑州市","value":"410100","areaList":["中原区","二七区","管城回族区","金水区","上街区","惠济区","中牟县","巩义市","荥阳市","新密市","新郑市","登封市"]},{"name":"开封市","value":"410200","areaList":["龙亭区","顺河回族区","鼓楼区","禹王台区","祥符区","杞县","通许县","尉氏县","兰考县"]},{"name":"洛阳市","value":"410300","areaList":["老城区","西工区","瀍河回族区","涧西区","吉利区","洛龙区","孟津县","新安县","栾川县","嵩县","汝阳县","宜阳县","洛宁县","伊川县","偃师市"]},{"name":"平顶山市","value":"410400","areaList":["新华区","卫东区","石龙区","湛河区","宝丰县","叶县","鲁山县","郏县","舞钢市","汝州市"]},{"name":"安阳市","value":"410500","areaList":["文峰区","北关区","殷都区","龙安区","安阳县","汤阴县","滑县","内黄县","林州市"]},{"name":"鹤壁市","value":"410600","areaList":["鹤山区","山城区","淇滨区","浚县","淇县"]},{"name":"新乡市","value":"410700","areaList":["红旗区","卫滨区","凤泉区","牧野区","新乡县","获嘉县","原阳县","延津县","封丘县","长垣县","卫辉市","辉县市"]},{"name":"焦作市","value":"410800","areaList":["解放区","中站区","马村区","山阳区","修武县","博爱县","武陟县","温县","沁阳市","孟州市"]},{"name":"濮阳市","value":"410900","areaList":["华龙区","清丰县","南乐县","范县","台前县","濮阳县"]},{"name":"许昌市","value":"411000","areaList":["魏都区","许昌县","鄢陵县","襄城县","禹州市","长葛市"]},{"name":"漯河市","value":"411100","areaList":["源汇区","郾城区","召陵区","舞阳县","临颍县"]},{"name":"三门峡市","value":"411200","areaList":["湖滨区","陕州区","渑池县","卢氏县","义马市","灵宝市"]},{"name":"南阳市","value":"411300","areaList":["宛城区","卧龙区","南召县","方城县","西峡县","镇平县","内乡县","淅川县","社旗县","唐河县","新野县","桐柏县","邓州市"]},{"name":"商丘市","value":"411400","areaList":["梁园区","睢阳区","民权县","睢县","宁陵县","柘城县","虞城县","夏邑县","永城市"]},{"name":"信阳市","value":"411500","areaList":["浉河区","平桥区","罗山县","光山县","新县","商城县","固始县","潢川县","淮滨县","息县"]},{"name":"周口市","value":"411600","areaList":["川汇区","扶沟县","西华县","商水县","沈丘县","郸城县","淮阳县","太康县","鹿邑县","项城市"]},{"name":"驻马店市","value":"411700","areaList":["驿城区","西平县","上蔡县","平舆县","正阳县","确山县","泌阳县","汝南县","遂平县","新蔡县"]},{"name":"济源市","value":"419001","areaList":["--"]}]},{"name":"湖北省","value":"420000","cityList":[{"name":"武汉市","value":"420100","areaList":["江岸区","江汉区","硚口区","汉阳区","武昌区","青山区","洪山区","东西湖区","汉南区","蔡甸区","江夏区","黄陂区","新洲区"]},{"name":"黄石市","value":"420200","areaList":["黄石港区","西塞山区","下陆区","铁山区","阳新县","大冶市"]},{"name":"十堰市","value":"420300","areaList":["茅箭区","张湾区","郧阳区","郧西县","竹山县","竹溪县","房县","丹江口市"]},{"name":"宜昌市","value":"420500","areaList":["西陵区","伍家岗区","点军区","猇亭区","夷陵区","远安县","兴山县","秭归县","长阳土家族自治县","五峰土家族自治县","宜都市","当阳市","枝江市"]},{"name":"襄阳市","value":"420600","areaList":["襄城区","樊城区","襄州区","南漳县","谷城县","保康县","老河口市","枣阳市","宜城市"]},{"name":"鄂州市","value":"420700","areaList":["梁子湖区","华容区","鄂城区"]},{"name":"荆门市","value":"420800","areaList":["东宝区","掇刀区","京山县","沙洋县","钟祥市"]},{"name":"孝感市","value":"420900","areaList":["孝南区","孝昌县","大悟县","云梦县","应城市","安陆市","汉川市"]},{"name":"荆州市","value":"421000","areaList":["沙市区","荆州区","公安县","监利县","江陵县","石首市","洪湖市","松滋市"]},{"name":"黄冈市","value":"421100","areaList":["黄州区","团风县","红安县","罗田县","英山县","浠水县","蕲春县","黄梅县","麻城市","武穴市"]},{"name":"咸宁市","value":"421200","areaList":["咸安区","嘉鱼县","通城县","崇阳县","通山县","赤壁市"]},{"name":"随州市","value":"421300","areaList":["曾都区","随县","广水市"]},{"name":"恩施土家族苗族自治州","value":"422800","areaList":["恩施市","利川市","建始县","巴东县","宣恩县","咸丰县","来凤县","鹤峰县"]},{"name":"仙桃市","value":"429004","areaList":["--"]},{"name":"潜江市","value":"429005","areaList":["--"]},{"name":"天门市","value":"429006","areaList":["--"]},{"name":"神农架林区","value":"429021","areaList":["--"]}]},{"name":"湖南省","value":"430000","cityList":[{"name":"长沙市","value":"430100","areaList":["芙蓉区","天心区","岳麓区","开福区","雨花区","望城区","长沙县","宁乡县","浏阳市"]},{"name":"株洲市","value":"430200","areaList":["荷塘区","芦淞区","石峰区","天元区","株洲县","攸县","茶陵县","炎陵县","醴陵市"]},{"name":"湘潭市","value":"430300","areaList":["雨湖区","岳塘区","湘潭县","湘乡市","韶山市"]},{"name":"衡阳市","value":"430400","areaList":["珠晖区","雁峰区","石鼓区","蒸湘区","南岳区","衡阳县","衡南县","衡山县","衡东县","祁东县","耒阳市","常宁市"]},{"name":"邵阳市","value":"430500","areaList":["双清区","大祥区","北塔区","邵东县","新邵县","邵阳县","隆回县","洞口县","绥宁县","新宁县","城步苗族自治县","武冈市"]},{"name":"岳阳市","value":"430600","areaList":["岳阳楼区","云溪区","君山区","岳阳县","华容县","湘阴县","平江县","汨罗市","临湘市"]},{"name":"常德市","value":"430700","areaList":["武陵区","鼎城区","安乡县","汉寿县","澧县","临澧县","桃源县","石门县","津市市"]},{"name":"张家界市","value":"430800","areaList":["永定区","武陵源区","慈利县","桑植县"]},{"name":"益阳市","value":"430900","areaList":["资阳区","赫山区","南县","桃江县","安化县","沅江市"]},{"name":"郴州市","value":"431000","areaList":["北湖区","苏仙区","桂阳县","宜章县","永兴县","嘉禾县","临武县","汝城县","桂东县","安仁县","资兴市"]},{"name":"永州市","value":"431100","areaList":["零陵区","冷水滩区","祁阳县","东安县","双牌县","道县","江永县","宁远县","蓝山县","新田县","江华瑶族自治县"]},{"name":"怀化市","value":"431200","areaList":["鹤城区","中方县","沅陵县","辰溪县","溆浦县","会同县","麻阳苗族自治县","新晃侗族自治县","芷江侗族自治县","靖州苗族侗族自治县","通道侗族自治县","洪江市"]},{"name":"娄底市","value":"431300","areaList":["娄星区","双峰县","新化县","冷水江市","涟源市"]},{"name":"湘西土家族苗族自治州","value":"433100","areaList":["吉首市","泸溪县","凤凰县","花垣县","保靖县","古丈县","永顺县","龙山县"]}]},{"name":"广东省","value":"440000","cityList":[{"name":"广州市","value":"440100","areaList":["荔湾区","越秀区","海珠区","天河区","白云区","黄埔区","番禺区","花都区","南沙区","从化区","增城区"]},{"name":"韶关市","value":"440200","areaList":["武江区","浈江区","曲江区","始兴县","仁化县","翁源县","乳源瑶族自治县","新丰县","乐昌市","南雄市"]},{"name":"深圳市","value":"440300","areaList":["罗湖区","福田区","南山区","宝安区","龙岗区","盐田区"]},{"name":"珠海市","value":"440400","areaList":["香洲区","斗门区","金湾区"]},{"name":"汕头市","value":"440500","areaList":["龙湖区","金平区","濠江区","潮阳区","潮南区","澄海区","南澳县"]},{"name":"佛山市","value":"440600","areaList":["禅城区","南海区","顺德区","三水区","高明区"]},{"name":"江门市","value":"440700","areaList":["蓬江区","江海区","新会区","台山市","开平市","鹤山市","恩平市"]},{"name":"湛江市","value":"440800","areaList":["赤坎区","霞山区","坡头区","麻章区","遂溪县","徐闻县","廉江市","雷州市","吴川市"]},{"name":"茂名市","value":"440900","areaList":["茂南区","电白区","高州市","化州市","信宜市"]},{"name":"肇庆市","value":"441200","areaList":["端州区","鼎湖区","高要区","广宁县","怀集县","封开县","德庆县","四会市"]},{"name":"惠州市","value":"441300","areaList":["惠城区","惠阳区","博罗县","惠东县","龙门县"]},{"name":"梅州市","value":"441400","areaList":["梅江区","梅县区","大埔县","丰顺县","五华县","平远县","蕉岭县","兴宁市"]},{"name":"汕尾市","value":"441500","areaList":["城区","海丰县","陆河县","陆丰市"]},{"name":"河源市","value":"441600","areaList":["源城区","紫金县","龙川县","连平县","和平县","东源县"]},{"name":"阳江市","value":"441700","areaList":["江城区","阳东区","阳西县","阳春市"]},{"name":"清远市","value":"441800","areaList":["清城区","清新区","佛冈县","阳山县","连山壮族瑶族自治县","连南瑶族自治县","英德市","连州市"]},{"name":"东莞市","value":"441900","areaList":["--"]},{"name":"中山市","value":"442000","areaList":["湖滨北路"]},{"name":"潮州市","value":"445100","areaList":["湘桥区","潮安区","饶平县"]},{"name":"揭阳市","value":"445200","areaList":["榕城区","揭东区","揭西县","惠来县","普宁市"]},{"name":"云浮市","value":"445300","areaList":["云城区","云安区","新兴县","郁南县","罗定市"]}]},{"name":"广西壮族自治区","value":"450000","cityList":[{"name":"南宁市","value":"450100","areaList":["兴宁区","青秀区","江南区","西乡塘区","良庆区","邕宁区","武鸣区","隆安县","马山县","上林县","宾阳县","横县"]},{"name":"柳州市","value":"450200","areaList":["城中区","鱼峰区","柳南区","柳北区","柳江县","柳城县","鹿寨县","融安县","融水苗族自治县","三江侗族自治县"]},{"name":"桂林市","value":"450300","areaList":["秀峰区","叠彩区","象山区","七星区","雁山区","临桂区","阳朔县","灵川县","全州县","兴安县","永福县","灌阳县","龙胜各族自治县","资源县","平乐县","荔浦县","恭城瑶族自治县"]},{"name":"梧州市","value":"450400","areaList":["万秀区","长洲区","龙圩区","苍梧县","藤县","蒙山县","岑溪市"]},{"name":"北海市","value":"450500","areaList":["海城区","银海区","铁山港区","合浦县"]},{"name":"防城港市","value":"450600","areaList":["港口区","防城区","上思县","东兴市"]},{"name":"钦州市","value":"450700","areaList":["钦南区","钦北区","灵山县","浦北县"]},{"name":"贵港市","value":"450800","areaList":["港北区","港南区","覃塘区","平南县","桂平市"]},{"name":"玉林市","value":"450900","areaList":["玉州区","福绵区","容县","陆川县","博白县","兴业县","北流市"]},{"name":"百色市","value":"451000","areaList":["右江区","田阳县","田东县","平果县","德保县","那坡县","凌云县","乐业县","田林县","西林县","隆林各族自治县","靖西市"]},{"name":"贺州市","value":"451100","areaList":["八步区","昭平县","钟山县","富川瑶族自治县"]},{"name":"河池市","value":"451200","areaList":["金城江区","南丹县","天峨县","凤山县","东兰县","罗城仫佬族自治县","环江毛南族自治县","巴马瑶族自治县","都安瑶族自治县","大化瑶族自治县","宜州市"]},{"name":"来宾市","value":"451300","areaList":["兴宾区","忻城县","象州县","武宣县","金秀瑶族自治县","合山市"]},{"name":"崇左市","value":"451400","areaList":["江州区","扶绥县","宁明县","龙州县","大新县","天等县","凭祥市"]}]},{"name":"海南省","value":"460000","cityList":[{"name":"海口市","value":"460100","areaList":["秀英区","龙华区","琼山区","美兰区"]},{"name":"三亚市","value":"460200","areaList":["三亚湾","海棠区","吉阳区","天涯区","崖州区"]},{"name":"三沙市","value":"460300","areaList":["西沙群岛","南沙群岛","中沙群岛的岛礁及其海域"]},{"name":"儋州市","value":"460400","areaList":["--"]},{"name":"五指山市","value":"469001","areaList":["--"]},{"name":"琼海市","value":"469002","areaList":["--"]},{"name":"文昌市","value":"469005","areaList":["--"]},{"name":"万宁市","value":"469006","areaList":["--"]},{"name":"东方市","value":"469007","areaList":["--"]},{"name":"定安县","value":"469021","areaList":["--"]},{"name":"屯昌县","value":"469022","areaList":["--"]},{"name":"澄迈县","value":"469023","areaList":["--"]},{"name":"临高县","value":"469024","areaList":["--"]},{"name":"白沙黎族自治县","value":"469025","areaList":["--"]},{"name":"昌江黎族自治县","value":"469026","areaList":["--"]},{"name":"乐东黎族自治县","value":"469027","areaList":["--"]},{"name":"陵水黎族自治县","value":"469028","areaList":["--"]},{"name":"保亭黎族苗族自治县","value":"469029","areaList":["--"]},{"name":"琼中黎族苗族自治县","value":"469030","areaList":["--"]}]},{"name":"重庆市","value":"500000","cityList":[{"name":"重庆市市辖区","value":"500100","areaList":["万州区","涪陵区","渝中区","大渡口区","江北区","沙坪坝区","九龙坡区","南岸区","北碚区","綦江区","大足区","渝北区","巴南区","黔江区","长寿区","江津区","合川区","永川区","南川区","璧山区","铜梁区","潼南区","荣昌区","梁平县","城口县","丰都县","垫江县","武隆县","忠县","开县","云阳县","奉节县","巫山县","巫溪县","石柱土家族自治县","秀山土家族苗族自治县","酉阳土家族苗族自治县","彭水苗族土家族自治县"]},{"name":"重庆市郊县","value":"500200","areaList":["--"]}]},{"name":"四川省","value":"510000","cityList":[{"name":"成都市","value":"510100","areaList":["锦江区","青羊区","金牛区","武侯区","成华区","龙泉驿区","青白江区","新都区","温江区","金堂县","双流县","郫县","大邑县","蒲江县","新津县","都江堰市","彭州市","邛崃市","崇州市"]},{"name":"自贡市","value":"510300","areaList":["自流井区","贡井区","大安区","沿滩区","荣县","富顺县"]},{"name":"攀枝花市","value":"510400","areaList":["东区","西区","仁和区","米易县","盐边县"]},{"name":"泸州市","value":"510500","areaList":["江阳区","纳溪区","龙马潭区","泸县","合江县","叙永县","古蔺县"]},{"name":"德阳市","value":"510600","areaList":["旌阳区","中江县","罗江县","广汉市","什邡市","绵竹市"]},{"name":"绵阳市","value":"510700","areaList":["涪城区","游仙区","三台县","盐亭县","安县","梓潼县","北川羌族自治县","平武县","江油市"]},{"name":"广元市","value":"510800","areaList":["利州区","昭化区","朝天区","旺苍县","青川县","剑阁县","苍溪县"]},{"name":"遂宁市","value":"510900","areaList":["船山区","安居区","蓬溪县","射洪县","大英县"]},{"name":"内江市","value":"511000","areaList":["市中区","东兴区","威远县","资中县","隆昌县"]},{"name":"乐山市","value":"511100","areaList":["市中区","沙湾区","五通桥区","金口河区","犍为县","井研县","夹江县","沐川县","峨边彝族自治县","马边彝族自治县","峨眉山市"]},{"name":"南充市","value":"511300","areaList":["顺庆区","高坪区","嘉陵区","南部县","营山县","蓬安县","仪陇县","西充县","阆中市"]},{"name":"眉山市","value":"511400","areaList":["东坡区","彭山区","仁寿县","洪雅县","丹棱县","青神县"]},{"name":"宜宾市","value":"511500","areaList":["翠屏区","南溪区","宜宾县","江安县","长宁县","高县","珙县","筠连县","兴文县","屏山县"]},{"name":"广安市","value":"511600","areaList":["广安区","前锋区","岳池县","武胜县","邻水县","华蓥市"]},{"name":"达州市","value":"511700","areaList":["通川区","达川区","宣汉县","开江县","大竹县","渠县","万源市"]},{"name":"雅安市","value":"511800","areaList":["雨城区","名山区","荥经县","汉源县","石棉县","天全县","芦山县","宝兴县"]},{"name":"巴中市","value":"511900","areaList":["巴州区","恩阳区","通江县","南江县","平昌县"]},{"name":"资阳市","value":"512000","areaList":["雁江区","安岳县","乐至县","简阳市"]},{"name":"阿坝藏族羌族自治州","value":"513200","areaList":["汶川县","理县","茂县","松潘县","九寨沟县","金川县","小金县","黑水县","马尔康县","壤塘县","阿坝县","若尔盖县","红原县"]},{"name":"甘孜藏族自治州","value":"513300","areaList":["康定市","泸定县","丹巴县","九龙县","雅江县","道孚县","炉霍县","甘孜县","新龙县","德格县","白玉县","石渠县","色达县","理塘县","巴塘县","乡城县","稻城县","得荣县"]},{"name":"凉山彝族自治州","value":"513400","areaList":["西昌市","木里藏族自治县","盐源县","德昌县","会理县","会东县","宁南县","普格县","布拖县","金阳县","昭觉县","喜德县","冕宁县","越西县","甘洛县","美姑县","雷波县"]}]},{"name":"贵州省","value":"520000","cityList":[{"name":"贵阳市","value":"520100","areaList":["南明区","云岩区","花溪区","乌当区","白云区","观山湖区","开阳县","息烽县","修文县","清镇市"]},{"name":"六盘水市","value":"520200","areaList":["钟山区","六枝特区","水城县","盘县"]},{"name":"遵义市","value":"520300","areaList":["红花岗区","汇川区","遵义县","桐梓县","绥阳县","正安县","道真仡佬族苗族自治县","务川仡佬族苗族自治县","凤冈县","湄潭县","余庆县","习水县","赤水市","仁怀市"]},{"name":"安顺市","value":"520400","areaList":["西秀区","平坝区","普定县","镇宁布依族苗族自治县","关岭布依族苗族自治县","紫云苗族布依族自治县"]},{"name":"毕节市","value":"520500","areaList":["七星关区","大方县","黔西县","金沙县","织金县","纳雍县","威宁彝族回族苗族自治县","赫章县"]},{"name":"铜仁市","value":"520600","areaList":["碧江区","万山区","江口县","玉屏侗族自治县","石阡县","思南县","印江土家族苗族自治县","德江县","沿河土家族自治县","松桃苗族自治县"]},{"name":"黔西南布依族苗族自治州","value":"522300","areaList":["兴义市","兴仁县","普安县","晴隆县","贞丰县","望谟县","册亨县","安龙县"]},{"name":"黔东南苗族侗族自治州","value":"522600","areaList":["凯里市","黄平县","施秉县","三穗县","镇远县","岑巩县","天柱县","锦屏县","剑河县","台江县","黎平县","榕江县","从江县","雷山县","麻江县","丹寨县"]},{"name":"黔南布依族苗族自治州","value":"522700","areaList":["都匀市","福泉市","荔波县","贵定县","瓮安县","独山县","平塘县","罗甸县","长顺县","龙里县","惠水县","三都水族自治县"]}]},{"name":"云南省","value":"530000","cityList":[{"name":"昆明市","value":"530100","areaList":["五华区","盘龙区","官渡区","西山区","东川区","呈贡区","晋宁县","富民县","宜良县","石林彝族自治县","嵩明县","禄劝彝族苗族自治县","寻甸回族彝族自治县","安宁市"]},{"name":"曲靖市","value":"530300","areaList":["麒麟区","马龙县","陆良县","师宗县","罗平县","富源县","会泽县","沾益县","宣威市"]},{"name":"玉溪市","value":"530400","areaList":["红塔区","江川县","澄江县","通海县","华宁县","易门县","峨山彝族自治县","新平彝族傣族自治县","元江哈尼族彝族傣族自治县"]},{"name":"保山市","value":"530500","areaList":["隆阳区","施甸县","龙陵县","昌宁县","腾冲市"]},{"name":"昭通市","value":"530600","areaList":["昭阳区","鲁甸县","巧家县","盐津县","大关县","永善县","绥江县","镇雄县","彝良县","威信县","水富县"]},{"name":"丽江市","value":"530700","areaList":["古城区","玉龙纳西族自治县","永胜县","华坪县","宁蒗彝族自治县"]},{"name":"普洱市","value":"530800","areaList":["思茅区","宁洱哈尼族彝族自治县","墨江哈尼族自治县","景东彝族自治县","景谷傣族彝族自治县","镇沅彝族哈尼族拉祜族自治县","江城哈尼族彝族自治县","孟连傣族拉祜族佤族自治县","澜沧拉祜族自治县","西盟佤族自治县"]},{"name":"临沧市","value":"530900","areaList":["临翔区","凤庆县","云县","永德县","镇康县","双江拉祜族佤族布朗族傣族自治县","耿马傣族佤族自治县","沧源佤族自治县"]},{"name":"楚雄彝族自治州","value":"532300","areaList":["楚雄市","双柏县","牟定县","南华县","姚安县","大姚县","永仁县","元谋县","武定县","禄丰县"]},{"name":"红河哈尼族彝族自治州","value":"532500","areaList":["个旧市","开远市","蒙自市","弥勒市","屏边苗族自治县","建水县","石屏县","泸西县","元阳县","红河县","金平苗族瑶族傣族自治县","绿春县","河口瑶族自治县"]},{"name":"文山壮族苗族自治州","value":"532600","areaList":["文山市","砚山县","西畴县","麻栗坡县","马关县","丘北县","广南县","富宁县"]},{"name":"西双版纳傣族自治州","value":"532800","areaList":["景洪市","勐海县","勐腊县"]},{"name":"大理白族自治州","value":"532900","areaList":["大理市","漾濞彝族自治县","祥云县","宾川县","弥渡县","南涧彝族自治县","巍山彝族回族自治县","永平县","云龙县","洱源县","剑川县","鹤庆县"]},{"name":"德宏傣族景颇族自治州","value":"533100","areaList":["瑞丽市","芒市","梁河县","盈江县","陇川县"]},{"name":"怒江傈僳族自治州","value":"533300","areaList":["泸水县","福贡县","贡山独龙族怒族自治县","兰坪白族普米族自治县"]},{"name":"迪庆藏族自治州","value":"533400","areaList":["香格里拉市","德钦县","维西傈僳族自治县"]}]},{"name":"西藏自治区","value":"540000","cityList":[{"name":"拉萨市","value":"540100","areaList":["城关区","林周县","当雄县","尼木县","曲水县","堆龙德庆县","达孜县","墨竹工卡县"]},{"name":"日喀则市","value":"540200","areaList":["桑珠孜区","南木林县","江孜县","定日县","萨迦县","拉孜县","昂仁县","谢通门县","白朗县","仁布县","康马县","定结县","仲巴县","亚东县","吉隆县","聂拉木县","萨嘎县","岗巴县"]},{"name":"昌都市","value":"540300","areaList":["卡若区","江达县","贡觉县","类乌齐县","丁青县","察雅县","八宿县","左贡县","芒康县","洛隆县","边坝县"]},{"name":"林芝市","value":"540400","areaList":["巴宜区","工布江达县","米林县","墨脱县","波密县","察隅县","朗县"]},{"name":"山南地区","value":"542200","areaList":["乃东县","扎囊县","贡嘎县","桑日县","琼结县","曲松县","措美县","洛扎县","加查县","隆子县","错那县","浪卡子县"]},{"name":"那曲地区","value":"542400","areaList":["那曲县","嘉黎县","比如县","聂荣县","安多县","申扎县","索县","班戈县","巴青县","尼玛县","双湖县"]},{"name":"阿里地区","value":"542500","areaList":["普兰县","札达县","噶尔县","日土县","革吉县","改则县","措勤县"]}]},{"name":"陕西省","value":"610000","cityList":[{"name":"西安市","value":"610100","areaList":["新城区","碑林区","莲湖区","灞桥区","未央区","雁塔区","阎良区","临潼区","长安区","高陵区","蓝田县","周至县","户县"]},{"name":"铜川市","value":"610200","areaList":["王益区","印台区","耀州区","宜君县"]},{"name":"宝鸡市","value":"610300","areaList":["渭滨区","金台区","陈仓区","凤翔县","岐山县","扶风县","眉县","陇县","千阳县","麟游县","凤县","太白县"]},{"name":"咸阳市","value":"610400","areaList":["秦都区","杨陵区","渭城区","三原县","泾阳县","乾县","礼泉县","永寿县","彬县","长武县","旬邑县","淳化县","武功县","兴平市"]},{"name":"渭南市","value":"610500","areaList":["临渭区","华县","潼关县","大荔县","合阳县","澄城县","蒲城县","白水县","富平县","韩城市","华阴市"]},{"name":"延安市","value":"610600","areaList":["宝塔区","延长县","延川县","子长县","安塞县","志丹县","吴起县","甘泉县","富县","洛川县","宜川县","黄龙县","黄陵县"]},{"name":"汉中市","value":"610700","areaList":["汉台区","南郑县","城固县","洋县","西乡县","勉县","宁强县","略阳县","镇巴县","留坝县","佛坪县"]},{"name":"榆林市","value":"610800","areaList":["榆阳区","神木县","府谷县","横山县","靖边县","定边县","绥德县","米脂县","佳县","吴堡县","清涧县","子洲县"]},{"name":"安康市","value":"610900","areaList":["汉滨区","汉阴县","石泉县","宁陕县","紫阳县","岚皋县","平利县","镇坪县","旬阳县","白河县"]},{"name":"商洛市","value":"611000","areaList":["商州区","洛南县","丹凤县","商南县","山阳县","镇安县","柞水县"]}]},{"name":"甘肃省","value":"620000","cityList":[{"name":"兰州市","value":"620100","areaList":["城关区","七里河区","西固区","安宁区","红古区","永登县","皋兰县","榆中县"]},{"name":"嘉峪关市","value":"620200"},{"name":"金昌市","value":"620300","areaList":["金川区","永昌县"]},{"name":"白银市","value":"620400","areaList":["白银区","平川区","靖远县","会宁县","景泰县"]},{"name":"天水市","value":"620500","areaList":["秦州区","麦积区","清水县","秦安县","甘谷县","武山县","张家川回族自治县"]},{"name":"武威市","value":"620600","areaList":["凉州区","民勤县","古浪县","天祝藏族自治县"]},{"name":"张掖市","value":"620700","areaList":["甘州区","肃南裕固族自治县","民乐县","临泽县","高台县","山丹县"]},{"name":"平凉市","value":"620800","areaList":["崆峒区","泾川县","灵台县","崇信县","华亭县","庄浪县","静宁县"]},{"name":"酒泉市","value":"620900","areaList":["肃州区","金塔县","瓜州县","肃北蒙古族自治县","阿克塞哈萨克族自治县","玉门市","敦煌市"]},{"name":"庆阳市","value":"621000","areaList":["西峰区","庆城县","环县","华池县","合水县","正宁县","宁县","镇原县"]},{"name":"定西市","value":"621100","areaList":["安定区","通渭县","陇西县","渭源县","临洮县","漳县","岷县"]},{"name":"陇南市","value":"621200","areaList":["武都区","成县","文县","宕昌县","康县","西和县","礼县","徽县","两当县"]},{"name":"临夏回族自治州","value":"622900","areaList":["临夏市","临夏县","康乐县","永靖县","广河县","和政县","东乡族自治县","积石山保安族东乡族撒拉族自治县"]},{"name":"甘南藏族自治州","value":"623000","areaList":["合作市","临潭县","卓尼县","舟曲县","迭部县","玛曲县","碌曲县","夏河县"]}]},{"name":"青海省","value":"630000","cityList":[{"name":"西宁市","value":"630100","areaList":["城东区","城中区","城西区","城北区","大通回族土族自治县","湟中县","湟源县"]},{"name":"海东市","value":"630200","areaList":["乐都区","平安区","民和回族土族自治县","互助土族自治县","化隆回族自治县","循化撒拉族自治县"]},{"name":"海北藏族自治州","value":"632200","areaList":["门源回族自治县","祁连县","海晏县","刚察县"]},{"name":"黄南藏族自治州","value":"632300","areaList":["同仁县","尖扎县","泽库县","河南蒙古族自治县"]},{"name":"海南藏族自治州","value":"632500","areaList":["共和县","同德县","贵德县","兴海县","贵南县"]},{"name":"果洛藏族自治州","value":"632600","areaList":["玛沁县","班玛县","甘德县","达日县","久治县","玛多县"]},{"name":"玉树藏族自治州","value":"632700","areaList":["玉树市","杂多县","称多县","治多县","囊谦县","曲麻莱县"]},{"name":"海西蒙古族藏族自治州","value":"632800","areaList":["格尔木市","德令哈市","乌兰县","都兰县","天峻县","海西蒙古族藏族自治州直辖"]}]},{"name":"宁夏回族自治区","value":"640000","cityList":[{"name":"银川市","value":"640100","areaList":["兴庆区","西夏区","金凤区","永宁县","贺兰县","灵武市"]},{"name":"石嘴山市","value":"640200","areaList":["大武口区","惠农区","平罗县"]},{"name":"吴忠市","value":"640300","areaList":["利通区","红寺堡区","盐池县","同心县","青铜峡市"]},{"name":"固原市","value":"640400","areaList":["原州区","西吉县","隆德县","泾源县","彭阳县"]},{"name":"中卫市","value":"640500","areaList":["沙坡头区","中宁县","海原县"]}]},{"name":"新疆维吾尔自治区","value":"650000","cityList":[{"name":"乌鲁木齐市","value":"650100","areaList":["天山区","沙依巴克区","新市区","水磨沟区","头屯河区","达坂城区","米东区","乌鲁木齐县"]},{"name":"克拉玛依市","value":"650200","areaList":["独山子区","克拉玛依区","白碱滩区","乌尔禾区"]},{"name":"吐鲁番市","value":"650400","areaList":["高昌区","鄯善县","托克逊县"]},{"name":"哈密地区","value":"652200","areaList":["哈密市","巴里坤哈萨克自治县","伊吾县"]},{"name":"昌吉回族自治州","value":"652300","areaList":["昌吉市","阜康市","呼图壁县","玛纳斯县","奇台县","吉木萨尔县","木垒哈萨克自治县"]},{"name":"博尔塔拉蒙古自治州","value":"652700","areaList":["博乐市","阿拉山口市","精河县","温泉县"]},{"name":"巴音郭楞蒙古自治州","value":"652800","areaList":["库尔勒市","轮台县","尉犁县","若羌县","且末县","焉耆回族自治县","和静县","和硕县","博湖县"]},{"name":"阿克苏地区","value":"652900","areaList":["阿克苏市","温宿县","库车县","沙雅县","新和县","拜城县","乌什县","阿瓦提县","柯坪县"]},{"name":"克孜勒苏柯尔克孜自治州","value":"653000","areaList":["阿图什市","阿克陶县","阿合奇县","乌恰县"]},{"name":"喀什地区","value":"653100","areaList":["喀什市","疏附县","疏勒县","英吉沙县","泽普县","莎车县","叶城县","麦盖提县","岳普湖县","伽师县","巴楚县","塔什库尔干塔吉克自治县"]},{"name":"和田地区","value":"653200","areaList":["和田市","和田县","墨玉县","皮山县","洛浦县","策勒县","于田县","民丰县"]},{"name":"伊犁哈萨克自治州","value":"654000","areaList":["伊宁市","奎屯市","霍尔果斯市","伊宁县","察布查尔锡伯自治县","霍城县","巩留县","新源县","昭苏县","特克斯县","尼勒克县"]},{"name":"塔城地区","value":"654200","areaList":["塔城市","乌苏市","额敏县","沙湾县","托里县","裕民县","和布克赛尔蒙古自治县"]},{"name":"阿勒泰地区","value":"654300","areaList":["阿勒泰市","布尔津县","富蕴县","福海县","哈巴河县","青河县","吉木乃县"]},{"name":"石河子市","value":"659001","areaList":["--"]},{"name":"阿拉尔市","value":"659002","areaList":["--"]},{"name":"图木舒克市","value":"659003","areaList":["--"]},{"name":"五家渠市","value":"659004","areaList":["--"]},{"name":"北屯市","value":"659005","areaList":["--"]},{"name":"铁门关市","value":"659006","areaList":["--"]},{"name":"双河市","value":"659007","areaList":["--"]},{"name":"可克达拉市","value":"659008","areaList":["--"]}]}]
